Date,home_team,away_team,league,PSH,PSD,PSA,B365H,B365D,B365A,P>2.5,P<2.5,B365>2.5,B365<2.5,AvgCH,AvgCD,AvgCA,B365CH,B365CD,B365CA
2026-02-20,AD Ceuta FC,Granada CF,La_Liga2,2.8,3.02,2.86,2.564166666666666,3.0166666666666675,2.7183333333333346,1.99,1.88,2.10625,1.6731250000000002,2.564166666666666,3.0166666666666675,2.7183333333333346,2.564166666666666,3.0166666666666675,2.7183333333333346
2026-02-20,Athletic Bilbao,Elche CF,La_Liga,1.69,3.77,5.52,1.6456756756756759,3.793783783783785,5.407567567567567,1.98,1.91,1.9019999999999997,1.8826666666666665,1.6456756756756759,3.793783783783785,5.407567567567567,1.6456756756756759,3.793783783783785,5.407567567567567
2026-02-20,Annecy FC,Red Star,Ligue_2,2.52,3.11,3.07,2.4610810810810824,2.9710810810810813,2.9286486486486494,1.94,1.91,2.0535714285714284,1.8300000000000003,2.4610810810810824,2.9710810810810813,2.9286486486486494,2.4610810810810824,2.9710810810810813,2.9286486486486494
2026-02-20,Boulogne,Clermont,Ligue_2,2.6,3.19,2.89,2.465789473684211,3.0984210526315787,2.815263157894737,1.97,1.88,2.1506666666666665,1.6446666666666663,2.465789473684211,3.0984210526315787,2.815263157894737,2.465789473684211,3.0984210526315787,2.815263157894737
2026-02-20,Nancy,Grenoble,Ligue_2,2.12,3.26,3.76,2.076052631578947,3.149210526315789,3.4986842105263154,1.9,1.95,2.0966666666666662,1.6686666666666667,2.076052631578947,3.149210526315789,3.4986842105263154,2.076052631578947,3.149210526315789,3.4986842105263154
2026-02-20,Rodez AF,Montpellier,Ligue_2,2.86,3.35,2.53,2.7176315789473686,3.230263157894736,2.455789473684211,1.94,1.91,1.8853333333333333,1.8306666666666669,2.7176315789473686,3.230263157894736,2.455789473684211,2.7176315789473686,3.230263157894736,2.455789473684211
2026-02-20,USL Dunkerque,SC Bastia,Ligue_2,1.95,3.39,4.19,1.9297368421052639,3.1955263157894733,3.940789473684212,2.0,1.86,2.152,1.6440000000000003,1.9297368421052639,3.1955263157894733,3.940789473684212,1.9297368421052639,3.1955263157894733,3.940789473684212
2026-02-20,FSV Mainz 05,Hamburger SV,Bundesliga,2.04,3.33,4.1,1.9899999999999998,3.3840000000000003,3.804,2.05,1.85,1.8046666666666669,1.9826666666666668,1.9899999999999998,3.3840000000000003,3.804,1.9899999999999998,3.3840000000000003,3.804
2026-02-20,Çaykur Rizespor,Kocaelispor,Super_Lig,2.41,3.32,3.1,2.391388888888889,3.1694444444444443,2.8875,1.9,1.97,2.0893333333333333,1.6946666666666665,2.391388888888889,3.1694444444444443,2.8875,2.391388888888889,3.1694444444444443,2.8875
2026-02-20,CF Estrela,Tondela,Liga_Portugal,2.63,3.17,2.92,2.507837837837837,3.098918918918919,2.86,2.05,1.83,2.1893333333333334,1.6446666666666667,2.507837837837837,3.098918918918919,2.86,2.507837837837837,3.098918918918919,2.86
2026-02-20,Blackburn Rovers,Preston North End,EFL_Championship,2.05,3.36,3.93,1.9943589743589747,3.2194871794871784,3.8328205128205135,2.09,1.8,2.18125,1.6668750000000003,1.9943589743589747,3.2194871794871784,3.8328205128205135,1.9943589743589747,3.2194871794871784,3.8328205128205135
2026-02-20,VfL Bochum,1. FC Nürnberg,Bundesliga2,2.14,3.54,3.46,2.041081081081081,3.4616216216216227,3.267297297297297,2.03,1.85,1.7292857142857143,2.007142857142857,2.041081081081081,3.4616216216216227,3.267297297297297,2.041081081081081,3.4616216216216227,3.267297297297297
2026-02-20,Greuther Fürth,Arminia Bielefeld,Bundesliga2,3.38,3.66,2.13,3.279729729729729,3.453783783783784,2.041351351351351,2.03,1.85,1.758571428571429,1.9707142857142859,3.279729729729729,3.453783783783784,2.041351351351351,3.279729729729729,3.453783783783784,2.041351351351351
2026-02-20,Brest,Marseille,Ligue_1,3.85,3.76,1.96,3.7287500000000002,3.653,1.9267500000000002,1.97,1.92,1.7426666666666664,2.0699999999999994,3.7287500000000002,3.653,1.9267500000000002,3.7287500000000002,3.653,1.9267500000000002
2026-02-20,Fortuna Sittard,Excelsior,Eredivisie,2.31,3.58,3.06,2.2789473684210533,3.41421052631579,2.903684210526316,1.83,2.05,1.7931250000000003,1.9774999999999996,2.2789473684210533,3.41421052631579,2.903684210526316,2.2789473684210533,3.41421052631579,2.903684210526316
2026-02-20,Sassuolo,Hellas Verona,Serie_A,1.75,3.48,5.66,1.7362499999999996,3.4450000000000003,5.1972499999999995,2.02,1.87,2.170625,1.6968750000000001,1.7362499999999996,3.4450000000000003,5.1972499999999995,1.7362499999999996,3.4450000000000003,5.1972499999999995
2026-02-20,Frosinone,Empoli,Serie_B,1.99,3.42,3.68,1.9316666666666669,3.4080555555555545,3.572777777777778,1.87,1.92,1.7980000000000005,1.928666666666667,1.9316666666666669,3.4080555555555545,3.572777777777778,1.9316666666666669,3.4080555555555545,3.572777777777778
2026-02-21,Notts County,Tranmere Rovers,EFL_League2,1.68,3.88,4.61,1.6949999999999998,3.6803124999999994,4.493437500000001,1.86,1.92,1.7813333333333334,1.936,1.6949999999999998,3.6803124999999994,4.493437500000001,1.6949999999999998,3.6803124999999994,4.493437500000001
2026-02-21,Almería,Córdoba,La_Liga2,2.09,3.36,3.65,1.968235294117647,3.4885294117647065,3.3273529411764695,1.97,1.87,1.643076923076923,2.129230769230769,1.968235294117647,3.4885294117647065,3.3273529411764695,1.968235294117647,3.4885294117647065,3.3273529411764695
2026-02-21,Deportivo La Coruña,SD Eibar,La_Liga2,1.91,3.3,4.43,1.9164705882352933,3.0758823529411767,4.063823529411765,1.85,1.99,2.2861538461538458,1.5676923076923077,1.9164705882352933,3.0758823529411767,4.063823529411765,1.9164705882352933,3.0758823529411767,4.063823529411765
2026-02-21,Gillingham,Oldham Athletic,EFL_League2,2.13,3.33,3.4,2.1234375,3.1999999999999993,3.3396874999999997,1.9,1.88,2.0753333333333335,1.6793333333333336,2.1234375,3.1999999999999993,3.3396874999999997,2.1234375,3.1999999999999993,3.3396874999999997
2026-02-21,Cheltenham Town,Salford City,EFL_League2,3.96,3.59,1.87,3.9493750000000007,3.5274999999999994,1.8081249999999995,1.84,1.95,1.7606666666666668,1.9626666666666668,3.9493750000000007,3.5274999999999994,1.8081249999999995,3.9493750000000007,3.5274999999999994,1.8081249999999995
2026-02-21,SD Huesca,CD Mirandés,La_Liga2,2.03,3.07,4.27,1.9811764705882353,3.022941176470588,3.8344117647058824,1.88,1.95,2.315384615384615,1.5576923076923077,1.9811764705882353,3.022941176470588,3.8344117647058824,1.9811764705882353,3.022941176470588,3.8344117647058824
2026-02-21,Newport County,Cambridge United,EFL_League2,5.64,3.9,1.58,5.3831250000000015,3.6934374999999995,1.6053125,2.0,1.79,1.9526666666666666,1.77,5.3831250000000015,3.6934374999999995,1.6053125,5.3831250000000015,3.6934374999999995,1.6053125
2026-02-21,Harrogate Town,Bromley FC,EFL_League2,5.04,3.74,1.66,4.970937500000001,3.638750000000001,1.6534375,1.99,1.8,1.8907142857142856,1.8228571428571427,4.970937500000001,3.638750000000001,1.6534375,4.970937500000001,3.638750000000001,1.6534375
2026-02-21,Bristol Rovers,Grimsby Town,EFL_League2,3.11,3.49,2.2,2.961875,3.3315625000000004,2.2453125000000007,1.89,1.89,1.8192857142857142,1.8871428571428575,2.961875,3.3315625000000004,2.2453125000000007,2.961875,3.3315625000000004,2.2453125000000007
2026-02-21,Colchester United,Barnet,EFL_League2,2.82,3.2,2.52,2.685483870967742,3.193225806451613,2.5383870967741937,2.01,1.79,1.9192857142857143,1.7835714285714288,2.685483870967742,3.193225806451613,2.5383870967741937,2.685483870967742,3.193225806451613,2.5383870967741937
2026-02-21,Accrington Stanley,Shrewsbury Town,EFL_League2,2.15,3.08,3.64,2.101612903225807,3.1709677419354834,3.467741935483871,1.9,1.88,2.092857142857143,1.6621428571428567,2.101612903225807,3.1709677419354834,3.467741935483871,2.101612903225807,3.1709677419354834,3.467741935483871
2026-02-21,Swindon Town,Crewe Alexandra,EFL_League2,2.02,3.52,3.51,1.9965624999999994,3.4799999999999986,3.4165625,1.79,2.0,1.7713333333333332,1.9559999999999997,1.9965624999999994,3.4799999999999986,3.4165625,1.9965624999999994,3.4799999999999986,3.4165625
2026-02-21,Fleetwood Town,Barrow,EFL_League2,2.01,3.57,3.48,2.0387500000000003,3.4146875,3.375625,1.86,1.93,1.8335714285714289,1.8664285714285715,2.0387500000000003,3.4146875,3.375625,2.0387500000000003,3.4146875,3.375625
2026-02-21,Las Palmas,CD Castellón,La_Liga2,2.59,3.18,2.87,2.4694117647058826,3.1449999999999996,2.677058823529413,1.85,1.99,1.9792857142857145,1.7392857142857143,2.4694117647058826,3.1449999999999996,2.677058823529413,2.4694117647058826,3.1449999999999996,2.677058823529413
2026-02-21,RC Lens,AS Monaco,Ligue_1,1.67,4.46,4.66,1.6507500000000008,4.257,4.544,2.04,1.85,2.1062499999999997,1.75875,1.6507500000000008,4.257,4.544,1.6507500000000008,4.257,4.544
2026-02-21,Stockport County FC,Wigan Athletic,EFL_League1,1.62,3.96,5.2,1.6251612903225805,3.7851612903225815,5.145161290322581,2.04,1.79,1.9213333333333333,1.8093333333333335,1.6251612903225805,3.7851612903225815,5.145161290322581,1.6251612903225805,3.7851612903225815,5.145161290322581
2026-02-21,Crawley Town,Chesterfield FC,EFL_League2,2.85,3.52,2.34,2.79,3.385312500000001,2.2837499999999995,1.8,2.0,1.7246666666666666,2.022666666666667,2.79,3.385312500000001,2.2837499999999995,2.79,3.385312500000001,2.2837499999999995
2026-02-21,Aberdeen,Dundee FC,SPL,1.97,3.6,3.75,1.9057575757575758,3.453636363636364,3.8633333333333333,1.94,1.88,1.896,1.8500000000000003,1.9057575757575758,3.453636363636364,3.8633333333333333,1.9057575757575758,3.453636363636364,3.8633333333333333
2026-02-21,Aston Villa,Leeds United,EPL,1.88,3.6,4.47,1.84325,3.622999999999999,4.26375,1.87,2.02,1.8400000000000003,1.9549999999999998,1.84325,3.622999999999999,4.26375,1.84325,3.622999999999999,4.26375
2026-02-21,Hearts,Falkirk F.C.,SPL,1.66,4.01,4.92,1.6142424242424234,3.8715151515151516,5.096060606060605,1.91,1.93,1.8480000000000003,1.8953333333333329,1.6142424242424234,3.8715151515151516,5.096060606060605,1.6142424242424234,3.8715151515151516,5.096060606060605
2026-02-21,Juventus,Como,Serie_A,2.09,3.47,3.72,2.0619999999999994,3.383,3.58125,2.07,1.83,2.0252941176470585,1.7823529411764707,2.0619999999999994,3.383,3.58125,2.0619999999999994,3.383,3.58125
2026-02-21,FC Schalke 04,1. FC Magdeburg,Bundesliga2,2.23,3.51,3.17,2.1275675675675685,3.4410810810810815,3.0799999999999996,1.97,1.87,1.7019999999999997,2.058666666666667,2.1275675675675685,3.4410810810810815,3.0799999999999996,2.1275675675675685,3.4410810810810815,3.0799999999999996
2026-02-21,Karlsruher SC,Holstein Kiel,Bundesliga2,2.68,3.57,2.53,2.643243243243244,3.451081081081081,2.3829729729729734,1.88,1.95,1.6746666666666667,2.106666666666667,2.643243243243244,3.451081081081081,2.3829729729729734,2.643243243243244,3.451081081081081,2.3829729729729734
2026-02-21,SV Darmstadt 98,Fortuna Düsseldorf,Bundesliga2,1.92,3.31,4.41,1.8862162162162164,3.431891891891892,3.7956756756756764,1.93,1.9,1.6864285714285714,2.0807142857142855,1.8862162162162164,3.431891891891892,3.7956756756756764,1.8862162162162164,3.431891891891892,3.7956756756756764
2026-02-21,Elversberg,Eintracht Braunschweig,Bundesliga2,1.57,4.22,5.54,1.549189189189189,4.008918918918918,5.228108108108109,1.94,1.89,1.6713333333333333,2.1073333333333335,1.549189189189189,4.008918918918918,5.228108108108109,1.549189189189189,4.008918918918918,5.228108108108109
2026-02-21,Padova,Bari,Serie_B,2.35,3.05,3.37,2.276111111111111,2.985555555555556,3.148055555555556,1.79,2.06,2.2333333333333334,1.6079999999999999,2.276111111111111,2.985555555555556,3.148055555555556,2.276111111111111,2.985555555555556,3.148055555555556
2026-02-21,Mantova,Sampdoria,Serie_B,2.93,3.06,2.62,2.8033333333333332,2.9194444444444447,2.5372222222222227,1.98,1.86,2.1293333333333333,1.6546666666666672,2.8033333333333332,2.9194444444444447,2.5372222222222227,2.8033333333333332,2.9194444444444447,2.5372222222222227
2026-02-21,Palermo,Südtirol,Serie_B,1.77,3.55,4.82,1.7061111111111111,3.4458333333333324,4.639722222222221,1.84,2.0,1.9528571428571428,1.7657142857142853,1.7061111111111111,3.4458333333333324,4.639722222222221,1.7061111111111111,3.4458333333333324,4.639722222222221
2026-02-21,Venezia,Pescara,Serie_B,1.36,5.42,7.22,1.3222222222222224,5.019444444444447,7.44861111111111,1.81,2.05,2.062857142857143,1.717857142857143,1.3222222222222224,5.019444444444447,7.44861111111111,1.3222222222222224,5.019444444444447,7.44861111111111
2026-02-21,Virtus Entella,US Catanzaro 1929,Serie_B,2.53,2.95,3.17,2.4627777777777777,2.980833333333333,2.86388888888889,2.0,1.84,2.1853333333333333,1.6333333333333333,2.4627777777777777,2.980833333333333,2.86388888888889,2.4627777777777777,2.980833333333333,2.86388888888889
2026-02-21,Cesena FC,Spezia,Serie_B,2.2,3.24,3.48,2.134,3.1265714285714274,3.262285714285714,1.95,1.88,2.0900000000000003,1.678,2.134,3.1265714285714274,3.262285714285714,2.134,3.1265714285714274,3.262285714285714
2026-02-21,Dundee United,Kilmarnock,SPL,2.0,3.62,3.65,1.9599999999999997,3.516666666666667,3.578787878787879,1.94,1.88,1.7626666666666666,1.9793333333333332,1.9599999999999997,3.516666666666667,3.578787878787879,1.9599999999999997,3.516666666666667,3.578787878787879
2026-02-21,Carrarese,Monza,Serie_B,3.72,3.39,2.05,3.6458333333333335,3.2266666666666657,1.9633333333333336,1.82,2.02,2.0826666666666664,1.6806666666666665,3.6458333333333335,3.2266666666666657,1.9633333333333336,3.6458333333333335,3.2266666666666657,1.9633333333333336
2026-02-21,RB Leipzig,Borussia Dortmund,Bundesliga,2.19,3.98,3.07,2.1630000000000003,3.8349999999999995,2.9515000000000007,1.91,1.98,2.0886666666666667,1.761333333333333,2.1630000000000003,3.8349999999999995,2.9515000000000007,2.1630000000000003,3.8349999999999995,2.9515000000000007
2026-02-21,Bayern Munich,Eintracht Frankfurt,Bundesliga,1.15,10.08,13.33,1.1344999999999998,9.258,15.338999999999999,2.02,1.85,2.0346666666666673,1.909333333333333,1.1344999999999998,9.258,15.338999999999999,1.1344999999999998,9.258,15.338999999999999
2026-02-21,Union Berlin,Bayer Leverkusen,Bundesliga,2.94,3.4,2.51,2.874749999999999,3.343749999999999,2.4115000000000006,1.96,1.93,1.8931249999999997,1.885625,2.874749999999999,3.343749999999999,2.4115000000000006,2.874749999999999,3.343749999999999,2.4115000000000006
2026-02-21,VfL Wolfsburg,Augsburg,Bundesliga,2.14,3.32,3.76,2.06775,3.3544999999999994,3.575249999999999,1.92,1.97,1.7453333333333334,2.076666666666667,2.06775,3.3544999999999994,3.575249999999999,2.06775,3.3544999999999994,3.575249999999999
2026-02-21,1. FC Köln,TSG Hoffenheim,Bundesliga,3.4,3.74,2.11,3.2317499999999995,3.6922499999999987,2.076,1.96,1.93,1.6173333333333337,2.299333333333333,3.2317499999999995,3.6922499999999987,2.076,3.2317499999999995,3.6922499999999987,2.076
2026-02-21,Real Betis,Rayo Vallecano,La_Liga,1.92,3.49,4.38,1.8861111111111113,3.4816666666666674,4.138888888888889,1.94,1.94,1.9030769230769229,1.8884615384615384,1.8861111111111113,3.4816666666666674,4.138888888888889,1.8861111111111113,3.4816666666666674,4.138888888888889
2026-02-21,CA Osasuna,Real Madrid,La_Liga,4.85,4.12,1.7,4.819459459459459,3.98054054054054,1.6627027027027022,1.91,1.98,1.7033333333333336,2.1606666666666663,4.819459459459459,3.98054054054054,1.6627027027027022,4.819459459459459,3.98054054054054,1.6627027027027022
2026-02-21,Atlético Madrid,Espanyol,La_Liga,1.5,4.26,7.38,1.4636111111111108,4.309722222222224,6.991944444444445,1.9,1.99,1.8573333333333337,1.9373333333333336,1.4636111111111108,4.309722222222224,6.991944444444445,1.4636111111111108,4.309722222222224,6.991944444444445
2026-02-21,Lecce,Inter Milan,Serie_A,8.22,4.43,1.45,7.983500000000001,4.29125,1.42525,1.85,2.05,2.02375,1.78125,7.983500000000001,4.29125,1.42525,7.983500000000001,4.29125,1.42525
2026-02-21,Leganés,Cultural Leonesa,La_Liga2,1.72,3.5,5.29,1.7057575757575762,3.366060606060607,4.653939393939393,1.9,1.93,2.041666666666667,1.6825,1.7057575757575762,3.366060606060607,4.653939393939393,1.7057575757575762,3.366060606060607,4.653939393939393
2026-02-21,St Mirren,Motherwell,SPL,2.93,3.34,2.44,2.858484848484848,3.311515151515152,2.3675757575757572,2.01,1.83,1.9466666666666663,1.79,2.858484848484848,3.311515151515152,2.3675757575757572,2.858484848484848,3.311515151515152,2.3675757575757572
2026-02-21,Real Sociedad,Oviedo,La_Liga,1.53,3.85,8.17,1.4983783783783784,3.9632432432432427,7.20945945945946,2.0,1.89,1.9393333333333334,1.854,1.4983783783783784,3.9632432432432427,7.20945945945946,1.4983783783783784,3.9632432432432427,7.20945945945946
2026-02-21,Mansfield Town,Lincoln City,EFL_League1,3.5,3.48,2.07,3.33625,3.3384375000000004,2.091875,2.0,1.83,1.9013333333333333,1.8206666666666667,3.33625,3.3384375000000004,2.091875,3.33625,3.3384375000000004,2.091875
2026-02-21,Port Vale,Reading,EFL_League1,2.86,3.43,2.41,2.8016129032258057,3.310645161290323,2.408064516129032,1.81,2.02,1.9519999999999995,1.7699999999999996,2.8016129032258057,3.310645161290323,2.408064516129032,2.8016129032258057,3.310645161290323,2.408064516129032
2026-02-21,Peterborough United,Exeter City,EFL_League1,2.32,3.82,2.76,2.2418750000000003,3.5343749999999994,2.8853125,1.92,1.9,1.7214285714285715,2.007857142857143,2.2418750000000003,3.5343749999999994,2.8853125,2.2418750000000003,3.5343749999999994,2.8853125
2026-02-21,Middlesbrough,Oxford United,EFL_Championship,1.36,4.79,8.66,1.3592307692307688,4.613589743589742,8.073333333333334,1.83,2.01,1.6933333333333336,2.246,1.3592307692307688,4.613589743589742,8.073333333333334,1.3592307692307688,4.613589743589742,8.073333333333334
2026-02-21,Wrexham AFC,Ipswich Town,EFL_Championship,3.25,3.41,2.23,3.227894736842105,3.295526315789474,2.165789473684211,1.85,1.99,2.0156249999999996,1.7643749999999998,3.227894736842105,3.295526315789474,2.165789473684211,3.227894736842105,3.295526315789474,2.165789473684211
2026-02-21,Watford,Derby County,EFL_Championship,2.17,3.35,3.44,2.1388571428571432,3.2642857142857125,3.355142857142857,1.89,1.94,2.099333333333334,1.7146666666666663,2.1388571428571432,3.2642857142857125,3.355142857142857,2.1388571428571432,3.2642857142857125,3.355142857142857
2026-02-21,Southampton,Charlton Athletic,EFL_Championship,1.55,4.21,5.81,1.5123076923076921,4.144102564102565,5.728205128205127,2.01,1.84,1.7781250000000002,1.99375,1.5123076923076921,4.144102564102565,5.728205128205127,1.5123076923076921,4.144102564102565,5.728205128205127
2026-02-21,Norwich City,Birmingham City,EFL_Championship,2.58,3.37,2.74,2.51,3.29948717948718,2.662307692307693,1.93,1.9,1.8993749999999998,1.8675000000000002,2.51,3.29948717948718,2.662307692307693,2.51,3.29948717948718,2.662307692307693
2026-02-21,Stoke City,Leicester City,EFL_Championship,2.11,3.36,3.57,2.0410256410256404,3.326923076923077,3.4946153846153853,1.81,2.04,1.974375,1.8000000000000003,2.0410256410256404,3.326923076923077,3.4946153846153853,2.0410256410256404,3.326923076923077,3.4946153846153853
2026-02-21,Hull City,Queens Park Rangers,EFL_Championship,2.36,3.32,3.08,2.2943589743589743,3.267179487179487,2.9876923076923068,2.02,1.83,1.958125,1.8106250000000002,2.2943589743589743,3.267179487179487,2.9876923076923068,2.2943589743589743,3.267179487179487,2.9876923076923068
2026-02-21,West Bromwich Albion,Coventry City,EFL_Championship,3.55,3.57,2.04,3.4407692307692312,3.4176923076923083,2.0243589743589743,1.93,1.9,1.8606249999999998,1.9075000000000004,3.4407692307692312,3.4176923076923083,2.0243589743589743,3.4407692307692312,3.4176923076923083,2.0243589743589743
2026-02-21,Swansea City,Bristol City,EFL_Championship,2.15,3.42,3.42,2.1153846153846154,3.3205128205128207,3.2979487179487172,2.02,1.83,1.9493749999999999,1.8218750000000004,2.1153846153846154,3.3205128205128207,3.2979487179487172,2.1153846153846154,3.3205128205128207,3.2979487179487172
2026-02-21,Alverca,Santa Clara,Liga_Portugal,3.0,2.96,2.65,2.900810810810811,2.8697297297297295,2.595135135135134,2.04,1.81,1.659333333333333,2.2340000000000004,2.900810810810811,2.8697297297297295,2.595135135135134,2.900810810810811,2.8697297297297295,2.595135135135134
2026-02-21,Arouca,Nacional,Liga_Portugal,2.37,3.32,3.07,2.303888888888889,3.3027777777777776,2.946944444444444,1.94,1.88,1.867333333333334,1.8666666666666667,2.303888888888889,3.3027777777777776,2.946944444444444,2.303888888888889,3.3027777777777776,2.946944444444444
2026-02-21,Benfica,AVS Futebol SAD,Liga_Portugal,1.07,11.62,24.37,1.0776470588235294,10.141176470588235,24.61735294117647,1.87,1.92,1.8614285714285717,1.9342857142857142,1.0776470588235294,10.141176470588235,24.61735294117647,1.0776470588235294,10.141176470588235,24.61735294117647
2026-02-21,Moreirense FC,Sporting Lisbon,Liga_Portugal,10.14,5.78,1.27,9.941666666666668,5.342500000000001,1.2713888888888887,1.85,1.99,1.7007692307692308,2.0969230769230767,9.941666666666668,5.342500000000001,1.2713888888888887,9.941666666666668,5.342500000000001,1.2713888888888887
2026-02-21,Braga,Vitória SC,Liga_Portugal,1.57,4.19,5.48,1.5665714285714285,3.909142857142857,5.473142857142856,1.89,1.94,1.8893333333333333,1.858666666666667,1.5665714285714285,3.909142857142857,5.473142857142856,1.5665714285714285,3.909142857142857,5.473142857142856
2026-02-21,Eyüpspor,Genclerbirligi SK,Super_Lig,2.97,3.33,2.43,2.9291428571428577,3.2717142857142854,2.283428571428571,1.94,1.89,1.9035714285714282,1.8292857142857144,2.9291428571428577,3.2717142857142854,2.283428571428571,2.9291428571428577,3.2717142857142854,2.283428571428571
2026-02-21,Alanyaspor,Basaksehir,Super_Lig,2.84,3.38,2.49,2.6982857142857144,3.324857142857143,2.4217142857142857,1.86,1.97,1.8157142857142856,1.9242857142857144,2.6982857142857144,3.324857142857143,2.4217142857142857,2.6982857142857144,3.324857142857143,2.4217142857142857
2026-02-21,Torku Konyaspor,Galatasaray,Super_Lig,6.31,4.78,1.45,5.912571428571428,4.4237142857142855,1.452285714285714,1.98,1.85,1.6121428571428578,2.23,5.912571428571428,4.4237142857142855,1.452285714285714,5.912571428571428,4.4237142857142855,1.452285714285714
2026-02-21,Manchester City,Newcastle United,EPL,1.48,5.19,5.96,1.46825,4.97925,5.781250000000001,1.88,2.02,2.032352941176471,1.8305882352941174,1.46825,4.97925,5.781250000000001,1.46825,4.97925,5.781250000000001
2026-02-21,West Ham United,Bournemouth,EPL,2.46,3.71,2.8,2.3814999999999995,3.661749999999999,2.7712499999999998,1.91,1.98,1.9381249999999999,1.9956249999999998,2.3814999999999995,3.661749999999999,2.7712499999999998,2.3814999999999995,3.661749999999999,2.7712499999999998
2026-02-21,Chelsea,Burnley,EPL,1.23,7.26,11.16,1.2147499999999996,6.82675,12.42725,1.96,1.91,2.0912499999999996,1.7712499999999998,1.2147499999999996,6.82675,12.42725,1.2147499999999996,6.82675,12.42725
2026-02-21,Brentford,Brighton and Hove Albion,EPL,2.03,3.89,3.51,1.996,3.688250000000001,3.5527500000000005,1.99,1.89,1.7768750000000002,2.0487499999999996,1.996,3.688250000000001,3.5527500000000005,1.996,3.688250000000001,3.5527500000000005
2026-02-21,Millwall,Portsmouth,EFL_Championship,1.84,3.69,4.18,1.8269230769230766,3.471538461538462,4.144358974358975,1.84,2.0,2.013333333333333,1.7599999999999996,1.8269230769230766,3.471538461538462,4.144358974358975,1.8269230769230766,3.471538461538462,4.144358974358975
2026-02-21,Northampton Town,Leyton Orient,EFL_League1,2.92,3.47,2.35,2.9021874999999993,3.2921875000000007,2.3262499999999995,2.03,1.8,1.9107142857142858,1.802857142857143,2.9021874999999993,3.2921875000000007,2.3262499999999995,2.9021874999999993,3.2921875000000007,2.3262499999999995
2026-02-21,Cagliari,Lazio,Serie_A,3.5,3.11,2.35,3.3242499999999993,3.0382499999999992,2.3254999999999995,1.81,2.09,2.2717647058823527,1.6588235294117648,3.3242499999999993,3.0382499999999992,2.3254999999999995,3.3242499999999993,3.0382499999999992,2.3254999999999995
2026-02-21,Stade de Reims,Amiens,Ligue_2,1.47,4.54,6.26,1.426216216216216,4.298918918918919,6.4967567567567555,1.97,1.85,1.707857142857143,2.017857142857143,1.426216216216216,4.298918918918919,6.4967567567567555,1.426216216216216,4.298918918918919,6.4967567567567555
2026-02-21,Toulouse,Paris FC,Ligue_1,1.93,3.47,4.4,1.8872499999999994,3.3435000000000015,4.27975,1.96,1.93,2.1873333333333336,1.6699999999999995,1.8872499999999994,3.3435000000000015,4.27975,1.8872499999999994,3.3435000000000015,4.27975
2026-02-21,Wycombe Wanderers,Stevenage,EFL_League1,1.95,3.21,4.27,1.9331249999999998,3.1815625000000005,4.078125000000001,1.83,2.0,2.23,1.587692307692308,1.9331249999999998,3.1815625000000005,4.078125000000001,1.9331249999999998,3.1815625000000005,4.078125000000001
2026-02-21,Troyes,Pau FC,Ligue_2,2.0,3.54,3.64,1.9343243243243242,3.458108108108108,3.580810810810811,1.85,1.96,1.797857142857143,1.9028571428571428,1.9343243243243242,3.458108108108108,3.580810810810811,1.9343243243243242,3.458108108108108,3.580810810810811
2026-02-21,Saint Etienne,Stade Lavallois,Ligue_2,1.54,4.08,5.98,1.5332432432432428,3.825945945945947,5.341621621621622,1.91,1.91,1.829285714285714,1.8721428571428569,1.5332432432432428,3.825945945945947,5.341621621621622,1.5332432432432428,3.825945945945947,5.341621621621622
2026-02-21,PSV Eindhoven,Heerenveen,Eredivisie,1.38,5.29,6.99,1.3513513513513509,5.241621621621622,6.755405405405406,1.85,1.99,1.6986666666666668,2.7333333333333334,1.3513513513513509,5.241621621621622,6.755405405405406,1.3513513513513509,5.241621621621622,6.755405405405406
2026-02-21,Paris Saint Germain,Metz,Ligue_1,1.12,11.06,19.66,1.1192499999999999,9.739749999999999,16.8345,1.86,2.01,1.678666666666667,2.2353333333333336,1.1192499999999999,9.739749999999999,16.8345,1.1192499999999999,9.739749999999999,16.8345
2026-02-21,NAC Breda,FC Volendam,Eredivisie,1.56,4.19,5.64,1.5318918918918916,4.065405405405405,5.5435135135135125,1.92,1.92,1.7226666666666663,2.067333333333333,1.5318918918918916,4.065405405405405,5.5435135135135125,1.5318918918918916,4.065405405405405,5.5435135135135125
2026-02-21,Bolton Wanderers,Blackpool,EFL_League1,1.53,4.25,5.8,1.5212903225806453,4.121612903225807,5.691290322580645,1.95,1.87,1.686,2.082,1.5212903225806453,4.121612903225807,5.691290322580645,1.5212903225806453,4.121612903225807,5.691290322580645
2026-02-21,Ajax,NEC Nijmegen,Eredivisie,1.77,4.2,4.01,1.7378378378378374,4.03027027027027,3.9040540540540536,1.95,1.88,2.0540000000000003,1.7639999999999998,1.7378378378378374,4.03027027027027,3.9040540540540536,1.7378378378378374,4.03027027027027,3.9040540540540536
2026-02-21,Plymouth Argyle,Cardiff City,EFL_League1,2.95,3.75,2.22,2.936249999999999,3.5153125000000003,2.2150000000000003,1.99,1.83,1.7021428571428572,2.0349999999999997,2.936249999999999,3.5153125000000003,2.2150000000000003,2.936249999999999,3.5153125000000003,2.2150000000000003
2026-02-21,Rotherham United,Doncaster Rovers,EFL_League1,2.74,3.52,2.47,2.6781250000000005,3.3153125,2.4834375,1.98,1.85,1.8973333333333333,1.8226666666666669,2.6781250000000005,3.3153125,2.4834375,2.6781250000000005,3.3153125,2.4834375
2026-02-21,Wimbledon,Bradford City,EFL_League1,3.0,3.38,2.35,2.967187499999999,3.1965624999999998,2.3165624999999994,1.93,1.89,2.075714285714286,1.6728571428571424,2.967187499999999,3.1965624999999998,2.3165624999999994,2.967187499999999,3.1965624999999998,2.3165624999999994
2026-02-21,Luton,Burton Albion,EFL_League1,1.82,3.86,3.99,1.7806249999999997,3.60125,4.224375000000001,1.92,1.9,1.852,1.8546666666666671,1.7806249999999997,3.60125,4.224375000000001,1.7806249999999997,3.60125,4.224375000000001
2026-02-21,Huddersfield Town,Barnsley,EFL_League1,1.83,3.75,4.1,1.8043749999999994,3.63375,4.06625,2.01,1.81,1.7192307692307693,2.002307692307692,1.8043749999999994,3.63375,4.06625,1.8043749999999994,3.63375,4.06625
2026-02-22,Andorra CF,Zaragoza,La_Liga2,1.88,3.77,3.94,1.8766666666666663,3.378181818181819,3.675454545454544,1.97,1.86,1.9023076923076923,1.7953846153846156,1.8766666666666663,3.378181818181819,3.675454545454544,1.8766666666666663,3.378181818181819,3.675454545454544
2026-02-22,Real Racing Club de Santander,Burgos CF,La_Liga2,1.87,3.42,4.44,1.83735294117647,3.2676470588235293,4.100294117647059,1.95,1.88,2.065384615384615,1.6900000000000002,1.83735294117647,3.2676470588235293,4.100294117647059,1.83735294117647,3.2676470588235293,4.100294117647059
2026-02-22,FC Twente Enschede,Groningen,Eredivisie,1.54,4.44,5.5,1.520833333333333,4.119722222222222,5.509999999999999,1.86,1.98,1.705714285714286,2.1064285714285718,1.520833333333333,4.119722222222222,5.509999999999999,1.520833333333333,4.119722222222222,5.509999999999999
2026-02-22,Kayserispor,Antalyaspor,Super_Lig,1.95,3.41,4.06,1.9208823529411765,3.3482352941176465,3.7220588235294114,1.81,2.03,1.9061538461538463,1.8207692307692307,1.9208823529411765,3.3482352941176465,3.7220588235294114,1.9208823529411765,3.3482352941176465,3.7220588235294114
2026-02-22,Gazişehir Gaziantep,Trabzonspor,Super_Lig,3.66,3.68,1.97,3.3900000000000006,3.5406060606060605,1.9575757575757577,1.89,1.94,1.6900000000000002,2.080833333333334,3.3900000000000006,3.5406060606060605,1.9575757575757577,3.3900000000000006,3.5406060606060605,1.9575757575757577
2026-02-22,Besiktas JK,Goztepe,Super_Lig,1.74,3.84,4.6,1.6812121212121214,3.552121212121212,4.200606060606061,1.86,1.97,1.7425,1.9974999999999998,1.6812121212121214,3.552121212121212,4.200606060606061,1.6812121212121214,3.552121212121212,4.200606060606061
2026-02-22,AS Roma,Cremonese,Serie_A,1.35,5.09,9.97,1.3467500000000003,4.749999999999998,9.26825,2.0,1.88,1.9294117647058822,1.8611764705882354,1.3467500000000003,4.749999999999998,9.26825,1.3467500000000003,4.749999999999998,9.26825
2026-02-22,AC Milan,Parma,Serie_A,1.32,5.51,10.38,1.3219999999999998,5.06825,9.468,1.85,2.04,1.8176470588235298,1.9811764705882353,1.3219999999999998,5.06825,9.468,1.3219999999999998,5.06825,9.468
2026-02-22,Atalanta BC,Napoli,Serie_A,2.53,3.15,3.12,2.4305,3.14025,3.0177500000000004,1.87,2.02,2.087647058823529,1.7447058823529407,2.4305,3.14025,3.0177500000000004,2.4305,3.14025,3.0177500000000004
2026-02-22,Málaga,Albacete,La_Liga2,2.0,3.23,4.14,1.9157575757575758,3.3099999999999996,3.6815151515151503,2.0,1.84,1.8649999999999998,1.8457142857142859,1.9157575757575758,3.3099999999999996,3.6815151515151503,1.9157575757575758,3.3099999999999996,3.6815151515151503
2026-02-22,FC Porto,Rio Ave FC,Liga_Portugal,1.11,9.45,19.42,1.1147058823529414,8.307352941176472,18.433823529411764,1.98,1.83,2.07,1.7350000000000005,1.1147058823529414,8.307352941176472,18.433823529411764,1.1147058823529414,8.307352941176472,18.433823529411764
2026-02-22,Juve Stabia,Modena,Serie_B,3.28,3.03,2.41,3.043714285714285,2.932285714285714,2.3117142857142854,1.83,2.01,2.271428571428572,1.5742857142857145,3.043714285714285,2.932285714285714,2.3117142857142854,3.043714285714285,2.932285714285714,2.3117142857142854
2026-02-22,Sporting Gijón,Real Valladolid CF,La_Liga2,1.8,3.61,4.53,1.8020588235294117,3.2776470588235296,4.258823529411765,2.03,1.82,2.237692307692307,1.594615384615385,1.8020588235294117,3.2776470588235296,4.258823529411765,1.8020588235294117,3.2776470588235296,4.258823529411765
2026-02-22,Reggiana,Avellino,Serie_B,2.84,2.74,3.02,2.5343333333333335,2.816666666666666,2.8329999999999997,2.02,1.83,2.2616666666666667,1.5833333333333333,2.5343333333333335,2.816666666666666,2.8329999999999997,2.5343333333333335,2.816666666666666,2.8329999999999997
2026-02-22,Auxerre,Rennes,Ligue_1,3.05,3.37,2.45,2.9212499999999997,3.3157500000000004,2.374249999999999,1.92,1.96,1.86375,1.9174999999999998,2.9212499999999997,3.3157500000000004,2.374249999999999,2.9212499999999997,3.3157500000000004,2.374249999999999
2026-02-22,Angers,Lille,Ligue_1,4.6,3.68,1.83,4.40275,3.55375,1.8034999999999997,2.07,1.83,1.9959999999999998,1.7959999999999998,4.40275,3.55375,1.8034999999999997,4.40275,3.55375,1.8034999999999997
2026-02-22,Nantes,Le Havre,Ligue_1,2.48,3.3,3.06,2.39325,3.2247499999999993,2.97625,1.91,1.98,2.099375,1.7274999999999998,2.39325,3.2247499999999993,2.97625,2.39325,3.2247499999999993,2.97625
2026-02-22,Nice,Lorient,Ligue_1,2.14,3.56,3.51,2.0595,3.5015,3.406999999999999,1.88,2.02,1.8150000000000002,1.9731249999999998,2.0595,3.5015,3.406999999999999,2.0595,3.5015,3.406999999999999
2026-02-22,Strasbourg,Lyon,Ligue_1,2.37,3.68,2.95,2.3397499999999996,3.497249999999999,2.8569999999999998,2.02,1.87,1.8025,1.9937500000000001,2.3397499999999996,3.497249999999999,2.8569999999999998,2.3397499999999996,3.497249999999999,2.8569999999999998
2026-02-22,Barcelona,Levante,La_Liga,1.1,12.44,22.03,1.101621621621622,10.482162162162163,18.62027027027027,1.88,1.99,1.722857142857143,2.271428571428572,1.101621621621622,10.482162162162163,18.62027027027027,1.101621621621622,10.482162162162163,18.62027027027027
2026-02-22,Celta Vigo,Mallorca,La_Liga,1.83,3.49,4.9,1.8127777777777776,3.4122222222222214,4.620833333333334,1.95,1.93,2.1314285714285712,1.6978571428571425,1.8127777777777776,3.4122222222222214,4.620833333333334,1.8127777777777776,3.4122222222222214,4.620833333333334
2026-02-22,Villarreal,Valencia,La_Liga,1.71,4.08,4.84,1.6883783783783783,3.8978378378378378,4.702972972972972,2.04,1.86,1.8000000000000003,1.9993333333333332,1.6883783783783783,3.8978378378378378,4.702972972972972,1.6883783783783783,3.8978378378378378,4.702972972972972
2026-02-22,Feyenoord,SC Telstar,Eredivisie,1.24,6.49,9.95,1.2251428571428573,6.075428571428572,10.148571428571428,1.86,1.96,1.9228571428571428,1.8607142857142858,1.2251428571428573,6.075428571428572,10.148571428571428,1.2251428571428573,6.075428571428572,10.148571428571428
2026-02-22,AZ Alkmaar,Sparta Rotterdam,Eredivisie,1.94,3.6,3.48,1.9555882352941174,3.5820588235294113,3.3747058823529414,1.93,1.83,1.6271428571428572,2.226428571428572,1.9555882352941174,3.5820588235294113,3.3747058823529414,1.9555882352941174,3.5820588235294113,3.3747058823529414
2026-02-22,Go Ahead Eagles,Heracles Almelo,Eredivisie,1.74,4.0,4.38,1.6902777777777773,3.8872222222222215,4.274722222222222,1.81,2.03,2.0385714285714287,2.157142857142857,1.6902777777777773,3.8872222222222215,4.274722222222222,1.6902777777777773,3.8872222222222215,4.274722222222222
2026-02-22,FC Utrecht,FC Zwolle,Eredivisie,1.65,4.0,4.99,1.6061111111111108,3.9113888888888884,4.924722222222222,2.0,1.84,1.7364285714285719,2.040714285714286,1.6061111111111108,3.9113888888888884,4.924722222222222,1.6061111111111108,3.9113888888888884,4.924722222222222
2026-02-22,Estoril,Gil Vicente,Liga_Portugal,2.83,3.37,2.51,2.706111111111111,3.259444444444444,2.479166666666667,1.94,1.89,1.925833333333333,1.8099999999999998,2.706111111111111,3.259444444444444,2.479166666666667,2.706111111111111,3.259444444444444,2.479166666666667
2026-02-22,Getafe,Sevilla,La_Liga,2.42,2.98,3.52,2.4008108108108113,2.882702702702703,3.364054054054054,1.85,2.04,1.7493333333333334,2.1686666666666667,2.4008108108108113,2.882702702702703,3.364054054054054,2.4008108108108113,2.882702702702703,3.364054054054054
2026-02-22,Hannover 96,Dynamo Dresden,Bundesliga2,1.53,4.48,5.72,1.5186486486486488,4.125135135135135,5.246216216216217,2.03,1.82,1.6493333333333335,2.1646666666666667,1.5186486486486488,4.125135135135135,5.246216216216217,1.5186486486486488,4.125135135135135,5.246216216216217
2026-02-22,SC Paderborn,Hertha Berlin,Bundesliga2,2.22,3.59,3.12,2.1208108108108106,3.471621621621622,3.0297297297297288,1.89,1.93,1.6673333333333333,2.1386666666666665,2.1208108108108106,3.471621621621622,3.0297297297297288,2.1208108108108106,3.471621621621622,3.0297297297297288
2026-02-22,SC Freiburg,Borussia Monchengladbach,Bundesliga,2.02,3.28,4.25,1.9875,3.291249999999999,3.9092499999999992,1.88,2.01,1.8800000000000001,1.9025000000000003,1.9875,3.291249999999999,3.9092499999999992,1.9875,3.291249999999999,3.9092499999999992
2026-02-22,Livingston,Rangers,SPL,8.4,5.12,1.35,8.000000000000002,4.840624999999999,1.3446875,1.98,1.85,1.547857142857143,2.5507142857142857,8.000000000000002,4.840624999999999,1.3446875,8.000000000000002,4.840624999999999,1.3446875
2026-02-22,Celtic,Hibernian,SPL,1.43,4.88,6.52,1.4253124999999993,4.625000000000002,6.296562500000001,1.82,2.02,1.7785714285714285,2.128571428571429,1.4253124999999993,4.625000000000002,6.296562500000001,1.4253124999999993,4.625000000000002,6.296562500000001
2026-02-22,Genoa,Torino,Serie_A,2.3,3.07,3.67,2.2559999999999993,3.020749999999999,3.479,2.05,1.85,2.281176470588235,1.6394117647058826,2.2559999999999993,3.020749999999999,3.479,2.2559999999999993,3.020749999999999,3.479
2026-02-22,FC St. Pauli,Werder Bremen,Bundesliga,2.75,3.13,2.86,2.6922500000000005,3.0874999999999995,2.717749999999999,2.08,1.83,2.259375,1.6393750000000002,2.6922500000000005,3.0874999999999995,2.717749999999999,2.6922500000000005,3.0874999999999995,2.717749999999999
2026-02-22,Sheffield United,Sheffield Wednesday,EFL_Championship,1.12,8.84,18.05,1.11625,8.306249999999999,18.093125,2.01,1.8,1.9261538461538459,1.87,1.11625,8.306249999999999,18.093125,1.11625,8.306249999999999,18.093125
2026-02-22,Nottingham Forest,Liverpool,EPL,4.17,4.14,1.8,4.11725,3.9177500000000003,1.7925000000000004,1.92,1.97,1.7117647058823529,2.1500000000000004,4.11725,3.9177500000000003,1.7925000000000004,4.11725,3.9177500000000003,1.7925000000000004
2026-02-22,Sunderland,Fulham,EPL,2.78,3.23,2.75,2.6784999999999988,3.2487500000000002,2.6677500000000003,1.93,1.95,2.141764705882353,1.7158823529411764,2.6784999999999988,3.2487500000000002,2.6677500000000003,2.6784999999999988,3.2487500000000002,2.6677500000000003
2026-02-22,Crystal Palace,Wolverhampton Wanderers,EPL,1.63,4.23,5.36,1.6164999999999998,4.0215,5.306,1.95,1.93,1.912941176470588,1.8929411764705886,1.6164999999999998,4.0215,5.306,1.6164999999999998,4.0215,5.306
2026-02-22,SC Preußen Münster,1. FC Kaiserslautern,Bundesliga2,2.4,3.41,2.96,2.3443243243243246,3.3440540540540544,2.748108108108107,2.02,1.82,1.7266666666666668,2.022666666666667,2.3443243243243246,3.3440540540540544,2.748108108108107,2.3443243243243246,3.3440540540540544,2.748108108108107
2026-02-22,Fatih Karagümrük,Samsunspor,Super_Lig,3.69,3.51,2.02,3.6134375,3.328437500000001,1.9609375,1.81,2.03,1.9558333333333333,1.7741666666666667,3.6134375,3.328437500000001,1.9609375,3.6134375,3.328437500000001,1.9609375
2026-02-22,Tottenham Hotspur,Arsenal,EPL,6.17,4.03,1.6,5.8646153846153855,4.0035897435897425,1.5712820512820513,2.04,1.85,1.834375,1.9743750000000002,5.8646153846153855,4.0035897435897425,1.5712820512820513,5.8646153846153855,4.0035897435897425,1.5712820512820513
2026-02-22,1. FC Heidenheim,VfB Stuttgart,Bundesliga,4.62,4.22,1.71,4.4457499999999985,4.090249999999999,1.68425,1.87,2.02,1.7825000000000002,2.41625,4.4457499999999985,4.090249999999999,1.68425,4.4457499999999985,4.090249999999999,1.68425
2026-02-23,Everton,Manchester United,EPL,3.59,3.96,1.99,3.5802631578947364,3.79842105263158,1.9431578947368422,1.93,1.96,1.7237499999999997,2.1143750000000003,3.5802631578947364,3.79842105263158,1.9431578947368422,3.5802631578947364,3.79842105263158,1.9431578947368422
2026-02-23,Famalicão,Casa Pia,Liga_Portugal,1.64,3.84,5.39,1.6131428571428572,3.71,4.92857142857143,2.05,1.8,1.9707692307692308,1.76,1.6131428571428572,3.71,4.92857142857143,1.6131428571428572,3.71,4.92857142857143
2026-02-23,Le Mans FC,Guingamp,Ligue_2,2.46,3.2,2.99,2.2270370370370367,2.947777777777778,2.733333333333334,1.87,1.95,2.0816666666666666,1.6616666666666664,2.2270370370370367,2.947777777777778,2.733333333333334,2.2270370370370367,2.947777777777778,2.733333333333334
2026-02-23,Cádiz CF,Real Sociedad B,La_Liga2,2.05,3.25,3.54,1.8482758620689652,3.108275862068967,3.488965517241379,1.85,1.91,2.011818181818182,1.7154545454545456,1.8482758620689652,3.108275862068967,3.488965517241379,1.8482758620689652,3.108275862068967,3.488965517241379
2026-02-23,Walsall,Milton Keynes Dons,EFL_League2,2.97,3.17,2.45,2.699310344827587,2.9768965517241375,2.3268965517241385,1.87,1.92,2.020769230769231,1.6976923076923076,2.699310344827587,2.9768965517241375,2.3268965517241385,2.699310344827587,2.9768965517241375,2.3268965517241385
2026-02-23,Alavés,Girona,La_Liga,2.43,2.96,3.53,2.3619444444444437,2.94861111111111,3.335277777777778,1.85,2.05,2.326666666666666,1.6213333333333333,2.3619444444444437,2.94861111111111,3.335277777777778,2.3619444444444437,2.94861111111111,3.335277777777778
2026-02-23,Fenerbahce,Kasimpasa SK,Super_Lig,1.23,6.25,10.87,1.233235294117647,5.747058823529412,9.862647058823528,1.81,2.03,1.8930769230769227,1.9423076923076925,1.233235294117647,5.747058823529412,9.862647058823528,1.233235294117647,5.747058823529412,9.862647058823528
2026-02-23,Fiorentina,Pisa,Serie_A,1.66,4.02,5.39,1.63775,3.8980000000000006,5.082750000000001,2.02,1.87,1.7947058823529414,2.0111764705882353,1.63775,3.8980000000000006,5.082750000000001,1.63775,3.8980000000000006,5.082750000000001
2026-02-23,Bologna,Udinese,Serie_A,1.9,3.61,4.3,1.853076923076923,3.479487179487179,4.255897435897434,1.9,1.99,2.1029411764705888,1.7282352941176469,1.853076923076923,3.479487179487179,4.255897435897434,1.853076923076923,3.479487179487179,4.255897435897434
2026-02-24,Watford,Ipswich Town,EFL_Championship,,,,2.9337037037037046,3.11074074074074,2.1088888888888886,,,1.920909090909091,1.8454545454545455,2.9337037037037046,3.11074074074074,2.1088888888888886,2.9337037037037046,3.11074074074074,2.1088888888888886
2026-02-24,Southampton,Queens Park Rangers,EFL_Championship,,,,1.6578571428571431,3.645357142857143,4.3375,,,1.7245454545454544,2.090909090909091,1.6578571428571431,3.645357142857143,4.3375,1.6578571428571431,3.645357142857143,4.3375
2026-02-24,Swansea City,Preston North End,EFL_Championship,,,,1.7282142857142855,3.325,3.9739285714285724,,,1.939090909090909,1.8327272727272728,1.7282142857142855,3.325,3.9739285714285724,1.7282142857142855,3.325,3.9739285714285724
2026-02-24,Accrington Stanley,Barnet,EFL_League2,,,,3.3090909090909095,3.209090909090909,2.0645454545454545,,,1.9383333333333332,1.7366666666666666,3.3090909090909095,3.209090909090909,2.0645454545454545,3.3090909090909095,3.209090909090909,2.0645454545454545
2026-02-24,Salford City,Shrewsbury Town,EFL_League2,,,,1.6009090909090906,3.75,4.92,,,1.7166666666666668,1.9666666666666668,1.6009090909090906,3.75,4.92,1.6009090909090906,3.75,4.92
2026-02-24,Wrexham AFC,Portsmouth,EFL_Championship,,,,1.93,3.2374999999999994,3.4975,,,1.982727272727273,1.7845454545454544,1.93,3.2374999999999994,3.4975,1.93,3.2374999999999994,3.4975
2026-02-24,Middlesbrough,Leicester City,EFL_Championship,,,,1.5372413793103452,4.035862068965518,5.120344827586206,,,1.6390909090909092,2.235454545454545,1.5372413793103452,4.035862068965518,5.120344827586206,1.5372413793103452,4.035862068965518,5.120344827586206
2026-02-24,Hull City,Derby County,EFL_Championship,,,,2.1979310344827585,3.1479310344827587,2.950344827586208,,,1.9336363636363636,1.8272727272727274,2.1979310344827585,3.1479310344827587,2.950344827586208,2.1979310344827585,3.1479310344827587,2.950344827586208
2026-02-24,West Bromwich Albion,Charlton Athletic,EFL_Championship,,,,1.7235714285714283,3.332142857142857,4.196785714285714,,,2.067272727272727,1.7263636363636365,1.7235714285714283,3.332142857142857,4.196785714285714,1.7235714285714283,3.332142857142857,4.196785714285714
2026-02-24,Blackburn Rovers,Bristol City,EFL_Championship,,,,2.186896551724138,3.1027586206896554,2.8062068965517235,,,1.91,1.8454545454545455,2.186896551724138,3.1027586206896554,2.8062068965517235,2.186896551724138,3.1027586206896554,2.8062068965517235
2026-02-24,Northampton Town,Port Vale,EFL_League1,,,,2.5700000000000007,3.1610000000000005,2.6060000000000003,,,2.0,1.7,2.5700000000000007,3.1610000000000005,2.6060000000000003,2.5700000000000007,3.1610000000000005,2.6060000000000003
2026-02-24,Bradford City,Rotherham United,EFL_League1,,,,1.718181818181818,3.5727272727272723,4.386363636363637,,,1.8100000000000003,1.8700000000000003,1.718181818181818,3.5727272727272723,4.386363636363637,1.718181818181818,3.5727272727272723,4.386363636363637
2026-02-24,Burton Albion,Stockport County FC,EFL_League1,,,,3.6949999999999994,3.4,1.904,,,1.83,1.83,3.6949999999999994,3.4,1.904,3.6949999999999994,3.4,1.904
2026-02-24,Doncaster Rovers,Luton,EFL_League1,,,,2.6245454545454545,3.3318181818181816,2.4390909090909094,,,1.7699999999999998,1.92,2.6245454545454545,3.3318181818181816,2.4390909090909094,2.6245454545454545,3.3318181818181816,2.4390909090909094
2026-02-24,Dundee United,Aberdeen,SPL,,,,2.2558333333333334,3.383333333333333,2.8491666666666666,,,1.7083333333333333,2.046666666666667,2.2558333333333334,3.383333333333333,2.8491666666666666,2.2558333333333334,3.383333333333333,2.8491666666666666
2026-02-25,Sheffield United,Coventry City,EFL_Championship,,,,2.158928571428571,3.347857142857144,2.666071428571428,,,1.612727272727273,2.2590909090909093,2.158928571428571,3.347857142857144,2.666071428571428,2.158928571428571,3.347857142857144,2.666071428571428
2026-02-25,Millwall,Birmingham City,EFL_Championship,,,,2.2742857142857145,3.081428571428571,2.685714285714286,,,1.9763636363636363,1.7945454545454547,2.2742857142857145,3.081428571428571,2.685714285714286,2.2742857142857145,3.081428571428571,2.685714285714286
2026-02-25,Stoke City,Oxford United,EFL_Championship,,,,1.687241379310345,3.331724137931035,4.224482758620691,,,1.9854545454545458,1.7827272727272727,1.687241379310345,3.331724137931035,4.224482758620691,1.687241379310345,3.331724137931035,4.224482758620691
2026-02-25,Norwich City,Sheffield Wednesday,EFL_Championship,,,,1.2127999999999997,5.369200000000001,9.517199999999999,,,2.183333333333333,1.6711111111111114,1.2127999999999997,5.369200000000001,9.517199999999999,1.2127999999999997,5.369200000000001,9.517199999999999
2026-02-25,AD Ceuta FC,Córdoba,La_Liga2,,,,2.438,3.252666666666667,2.568666666666667,,,1.7966666666666669,1.875,2.438,3.252666666666667,2.568666666666667,2.438,3.252666666666667,2.568666666666667
2026-02-27,Bristol City,Watford,EFL_Championship,,,,2.2787499999999996,3.4625,2.9124999999999996,,,1.78,2.0,2.2787499999999996,3.4625,2.9124999999999996,2.2787499999999996,3.4625,2.9124999999999996
2026-02-27,Strasbourg,RC Lens,Ligue_1,2.74,3.55,2.48,2.6590909090909087,3.5878787878787874,2.3809090909090913,2.01,1.83,1.5954545454545455,2.3063636363636366,2.6590909090909087,3.5878787878787874,2.3809090909090913,2.6590909090909087,3.5878787878787874,2.3809090909090913
2026-02-27,Levante,Alavés,La_Liga,2.68,3.06,2.87,2.5864516129032262,3.0848387096774186,2.7690322580645157,2.04,1.81,2.271666666666667,1.6225000000000003,2.5864516129032262,3.0848387096774186,2.7690322580645157,2.5864516129032262,3.0848387096774186,2.7690322580645157
2026-02-27,Wolverhampton Wanderers,Aston Villa,EPL,3.81,3.66,1.93,3.8703030303030292,3.6524242424242424,1.8715151515151516,2.02,1.83,1.8107692307692307,2.0053846153846155,3.8703030303030292,3.6524242424242424,1.8715151515151516,3.8703030303030292,3.6524242424242424,1.8715151515151516
2026-02-27,Parma,Cagliari,Serie_A,2.55,3.05,3.03,2.5053125,2.9137499999999994,2.9368750000000006,1.78,2.09,2.3791666666666664,1.5891666666666666,2.5053125,2.9137499999999994,2.9368750000000006,2.5053125,2.9137499999999994,2.9368750000000006
2026-02-27,Augsburg,1. FC Köln,Bundesliga,2.34,3.41,3.04,2.2882352941176474,3.344705882352942,2.9570588235294117,1.96,1.88,1.7641666666666669,2.0433333333333334,2.2882352941176474,3.344705882352942,2.9570588235294117,2.2882352941176474,3.344705882352942,2.9570588235294117
2026-02-27,SC Telstar,NAC Breda,Eredivisie,,,,2.4163999999999994,3.244,2.6715999999999998,,,1.9029999999999998,1.857,2.4163999999999994,3.244,2.6715999999999998,2.4163999999999994,3.244,2.6715999999999998
2026-02-28,Derby County,Blackburn Rovers,EFL_Championship,,,,2.1750000000000003,3.2125,3.3125,,,2.1,1.7100000000000002,2.1750000000000003,3.2125,3.3125,2.1750000000000003,3.2125,3.3125
2026-02-28,Portsmouth,Hull City,EFL_Championship,,,,2.405,3.3125,2.83125,,,1.9399999999999997,1.82,2.405,3.3125,2.83125,2.405,3.3125,2.83125
2026-02-28,Borussia Monchengladbach,Union Berlin,Bundesliga,2.53,3.24,2.9,2.4142424242424245,3.2357575757575763,2.844848484848485,2.05,1.8,2.0141666666666667,1.7883333333333333,2.4142424242424245,3.2357575757575763,2.844848484848485,2.4142424242424245,3.2357575757575763,2.844848484848485
2026-02-28,Le Havre,Paris Saint Germain,Ligue_1,9.28,6.08,1.27,9.1984375,5.8765625,1.2625,1.88,1.94,2.025454545454545,1.8109090909090908,9.1984375,5.8765625,1.2625,9.1984375,5.8765625,1.2625
2026-02-28,Leicester City,Norwich City,EFL_Championship,,,,2.2575,3.525,2.8625,,,1.7,2.1,2.2575,3.525,2.8625,2.2575,3.525,2.8625
2026-02-28,Bayer Leverkusen,FSV Mainz 05,Bundesliga,1.63,4.21,4.86,1.6112121212121209,4.103636363636364,4.787272727272728,1.99,1.85,1.6300000000000001,2.276666666666667,1.6112121212121209,4.103636363636364,4.787272727272728,1.6112121212121209,4.103636363636364,4.787272727272728
2026-02-28,Heracles Almelo,PSV Eindhoven,Eredivisie,,,,7.943749999999999,5.622916666666668,1.2674999999999998,,,1.7930000000000004,2.048,7.943749999999999,5.622916666666668,1.2674999999999998,7.943749999999999,5.622916666666668,1.2674999999999998
2026-02-28,NEC Nijmegen,Fortuna Sittard,Eredivisie,,,,1.375,4.765833333333334,6.296250000000001,,,1.939,1.866,1.375,4.765833333333334,6.296250000000001,1.375,4.765833333333334,6.296250000000001
2026-02-28,Leeds United,Manchester City,EPL,,,,4.845312500000001,4.197187499999999,1.5909375,,,1.6530769230769236,2.246153846153846,4.845312500000001,4.197187499999999,1.5909375,4.845312500000001,4.197187499999999,1.5909375
2026-02-28,Liverpool,West Ham United,EPL,1.35,5.42,7.58,1.3409090909090904,5.382727272727272,7.504545454545454,1.87,1.97,1.9684615384615387,1.8646153846153846,1.3409090909090904,5.382727272727272,7.504545454545454,1.3409090909090904,5.382727272727272,7.504545454545454
2026-02-28,Newcastle United,Everton,EPL,1.78,3.85,4.32,1.732424242424242,3.756060606060606,4.4703030303030316,1.95,1.88,1.7823076923076924,2.042307692307692,1.732424242424242,3.756060606060606,4.4703030303030316,1.732424242424242,3.756060606060606,4.4703030303030316
2026-02-28,Burnley,Brentford,EPL,4.22,3.76,1.82,3.9500000000000006,3.6178787878787873,1.8066666666666666,1.82,2.02,1.8576923076923078,1.9469230769230768,3.9500000000000006,3.6178787878787873,1.8066666666666666,3.9500000000000006,3.6178787878787873,1.8066666666666666
2026-02-28,Inter Milan,Genoa,Serie_A,1.28,5.69,10.23,1.2635483870967745,5.187096774193548,9.400645161290322,1.84,2.0,1.66,2.1991666666666667,1.2635483870967745,5.187096774193548,9.400645161290322,1.2635483870967745,5.187096774193548,9.400645161290322
2026-02-28,Bournemouth,Sunderland,EPL,1.82,3.74,4.24,1.8139393939393942,3.65939393939394,4.1518181818181805,1.84,2.01,1.8069230769230769,2.000769230769231,1.8139393939393942,3.65939393939394,4.1518181818181805,1.8139393939393942,3.65939393939394,4.1518181818181805
2026-02-28,Hellas Verona,Napoli,Serie_A,6.57,3.8,1.56,5.797419354838711,3.4925806451612913,1.5541935483870974,2.06,1.79,2.27,1.6241666666666663,5.797419354838711,3.4925806451612913,1.5541935483870974,5.797419354838711,3.4925806451612913,1.5541935483870974
2026-02-28,Como,Lecce,Serie_A,1.43,4.38,7.82,1.4032258064516125,4.340322580645163,7.926774193548387,2.05,1.8,1.9441666666666666,1.8458333333333334,1.4032258064516125,4.340322580645163,7.926774193548387,1.4032258064516125,4.340322580645163,7.926774193548387
2026-02-28,Heerenveen,Sparta Rotterdam,Eredivisie,,,,1.872272727272727,3.638636363636364,3.4490909090909088,,,1.5725000000000002,2.31625,1.872272727272727,3.638636363636364,3.4490909090909088,1.872272727272727,3.638636363636364,3.4490909090909088
2026-02-28,AS Monaco,Angers,Ligue_1,1.52,4.38,5.94,1.4828124999999999,4.379375,5.909375000000001,1.92,1.92,1.65,2.212727272727273,1.4828124999999999,4.379375,5.909375000000001,1.4828124999999999,4.379375,5.909375000000001
2026-02-28,Sheffield Wednesday,Southampton,EFL_Championship,,,,8.5625,5.05625,1.31625,,,1.54,2.43,8.5625,5.05625,1.31625,8.5625,5.05625,1.31625
2026-02-28,Charlton Athletic,Wrexham AFC,EFL_Championship,,,,2.68125,3.2125000000000004,2.5700000000000003,,,2.06,1.7300000000000002,2.68125,3.2125000000000004,2.5700000000000003,2.68125,3.2125000000000004,2.5700000000000003
2026-02-28,Werder Bremen,1. FC Heidenheim,Bundesliga,1.75,3.93,4.38,1.7230303030303022,3.7154545454545462,4.105757575757576,1.89,1.94,1.7308333333333332,2.083333333333334,1.7230303030303022,3.7154545454545462,4.105757575757576,1.7230303030303022,3.7154545454545462,4.105757575757576
2026-02-28,TSG Hoffenheim,FC St. Pauli,Bundesliga,1.56,4.71,4.88,1.5387878787878788,4.243030303030303,5.36030303030303,1.96,1.88,1.7608333333333333,2.0516666666666667,1.5387878787878788,4.243030303030303,5.36030303030303,1.5387878787878788,4.243030303030303,5.36030303030303
2026-02-28,Borussia Dortmund,Bayern Munich,Bundesliga,4.18,4.43,1.69,3.9724242424242426,4.307272727272728,1.6912121212121214,1.87,1.96,1.8258333333333334,2.0075,3.9724242424242426,4.307272727272728,1.6912121212121214,3.9724242424242426,4.307272727272728,1.6912121212121214
2026-02-28,Livingston,St Mirren,SPL,,,,3.1687499999999997,3.4187499999999997,2.1237500000000002,,,1.79,1.92,3.1687499999999997,3.4187499999999997,2.1237500000000002,3.1687499999999997,3.4187499999999997,2.1237500000000002
2026-02-28,Falkirk F.C.,Kilmarnock,SPL,,,,1.7062499999999998,3.71875,4.4625,,,1.7916666666666667,1.92,1.7062499999999998,3.71875,4.4625,1.7062499999999998,3.71875,4.4625
2026-02-28,Motherwell,Dundee United,SPL,,,,1.53,4.1125,5.4375,,,1.6166666666666665,2.185,1.53,4.1125,5.4375,1.53,4.1125,5.4375
2026-02-28,Dundee FC,Hibernian,SPL,,,,3.4875,3.4,2.0149999999999997,,,1.821666666666667,1.8783333333333332,3.4875,3.4,2.0149999999999997,3.4875,3.4,2.0149999999999997
2026-02-28,Hearts,Aberdeen,SPL,,,,1.4237499999999998,4.425,6.65625,,,1.6400000000000003,2.146666666666667,1.4237499999999998,4.425,6.65625,1.4237499999999998,4.425,6.65625
2026-02-28,Rayo Vallecano,Athletic Bilbao,La_Liga,2.61,3.03,2.97,2.5446666666666666,3.0020000000000002,2.897,2.08,1.78,2.309166666666667,1.6024999999999998,2.5446666666666666,3.0020000000000002,2.897,2.5446666666666666,3.0020000000000002,2.897
2026-02-28,Barcelona,Villarreal,La_Liga,1.27,6.7,7.79,1.2903333333333336,6.043666666666668,7.538333333333333,1.84,1.99,1.7141666666666664,2.1766666666666663,1.2903333333333336,6.043666666666668,7.538333333333333,1.2903333333333336,6.043666666666668,7.538333333333333
2026-02-28,Mallorca,Real Sociedad,La_Liga,3.13,3.55,2.23,3.115666666666667,3.2983333333333325,2.234,2.05,1.81,2.0191666666666666,1.784166666666667,3.115666666666667,3.2983333333333325,2.234,3.115666666666667,3.2983333333333325,2.234
2026-02-28,Rennes,Toulouse,Ligue_1,2.34,3.37,3.07,2.1975000000000002,3.357187499999999,3.1075,1.9,1.93,1.8881818181818182,1.8890909090909092,2.1975000000000002,3.357187499999999,3.1075,2.1975000000000002,3.357187499999999,3.1075
2026-02-28,Oviedo,Atlético Madrid,La_Liga,6.51,3.94,1.54,6.370689655172415,4.003103448275863,1.5172413793103443,1.81,2.05,1.9825,1.8066666666666666,6.370689655172415,4.003103448275863,1.5172413793103443,6.370689655172415,4.003103448275863,1.5172413793103443
2026-02-28,Ipswich Town,Swansea City,EFL_Championship,,,,1.5824999999999998,3.86875,5.4375,,,1.82,1.93,1.5824999999999998,3.86875,5.4375,1.5824999999999998,3.86875,5.4375
2026-02-28,Coventry City,Stoke City,EFL_Championship,,,,1.64875,3.9,4.75625,,,1.6500000000000001,2.18,1.64875,3.9,4.75625,1.64875,3.9,4.75625
2026-02-28,Queens Park Rangers,Sheffield United,EFL_Championship,,,,2.8249999999999997,3.4625000000000004,2.3274999999999997,,,1.74,2.0500000000000003,2.8249999999999997,3.4625000000000004,2.3274999999999997,2.8249999999999997,3.4625000000000004,2.3274999999999997
2026-02-28,Oxford United,West Bromwich Albion,EFL_Championship,,,,3.0124999999999997,3.1625,2.3575000000000004,,,2.16,1.66,3.0124999999999997,3.1625,2.3575000000000004,3.0124999999999997,3.1625,2.3575000000000004
2026-02-28,Preston North End,Millwall,EFL_Championship,,,,3.1375,3.3125,2.21,,,2.0,1.7699999999999998,3.1375,3.3125,2.21,3.1375,3.3125,2.21
2026-03-01,Manchester United,Crystal Palace,EPL,,,,1.5851612903225805,4.067741935483871,5.031612903225806,,,1.696363636363636,2.166363636363636,1.5851612903225805,4.067741935483871,5.031612903225806,1.5851612903225805,4.067741935483871,5.031612903225806
2026-03-01,Brighton and Hove Albion,Nottingham Forest,EPL,2.11,3.53,3.42,2.062258064516129,3.528709677419354,3.3677419354838696,1.83,2.02,1.816153846153846,2.0007692307692304,2.062258064516129,3.528709677419354,3.3677419354838696,2.062258064516129,3.528709677419354,3.3677419354838696
2026-03-01,Eintracht Frankfurt,SC Freiburg,Bundesliga,2.39,3.45,2.93,2.2348387096774194,3.458709677419354,3.004516129032258,2.01,1.83,1.7858333333333334,2.0108333333333333,2.2348387096774194,3.458709677419354,3.004516129032258,2.2348387096774194,3.458709677419354,3.004516129032258
2026-03-01,Sassuolo,Atalanta BC,Serie_A,3.87,3.6,1.94,3.575333333333333,3.422333333333333,1.8739999999999999,1.88,1.95,1.8083333333333336,1.9866666666666664,3.575333333333333,3.422333333333333,1.8739999999999999,3.575333333333333,3.422333333333333,1.8739999999999999
2026-03-01,Marseille,Lyon,Ligue_1,1.89,3.75,3.89,1.8859999999999997,3.6523333333333334,3.7353333333333345,1.93,1.91,1.7136363636363634,2.114545454545455,1.8859999999999997,3.6523333333333334,3.7353333333333345,1.8859999999999997,3.6523333333333334,3.7353333333333345
2026-03-01,Lille,Nantes,Ligue_1,1.45,4.58,6.79,1.4356666666666666,4.326666666666667,6.912000000000001,1.95,1.88,1.7536363636363637,2.0545454545454542,1.4356666666666666,4.326666666666667,6.912000000000001,1.4356666666666666,4.326666666666667,6.912000000000001
2026-03-01,Rangers,Celtic,SPL,,,,2.29625,3.56875,2.75625,,,1.5850000000000002,2.2383333333333333,2.29625,3.56875,2.75625,2.29625,3.56875,2.75625
2026-03-01,VfB Stuttgart,VfL Wolfsburg,Bundesliga,1.53,4.64,5.3,1.5164516129032257,4.540322580645161,5.2770967741935495,1.95,1.88,2.0858333333333334,1.7699999999999996,1.5164516129032257,4.540322580645161,5.2770967741935495,1.5164516129032257,4.540322580645161,5.2770967741935495
2026-03-01,Metz,Brest,Ligue_1,3.32,3.42,2.19,3.0909999999999997,3.3743333333333343,2.2176666666666662,1.92,1.92,1.8727272727272726,1.901818181818182,3.0909999999999997,3.3743333333333343,2.2176666666666662,3.0909999999999997,3.3743333333333343,2.2176666666666662
2026-03-01,Lorient,Auxerre,Ligue_1,2.12,3.24,3.72,1.997741935483871,3.056451612903227,3.449354838709678,2.01,1.83,2.234545454545454,1.634545454545455,1.997741935483871,3.056451612903227,3.449354838709678,1.997741935483871,3.056451612903227,3.449354838709678
2026-03-01,Fulham,Tottenham Hotspur,EPL,2.4,3.41,2.95,2.29516129032258,3.3341935483870966,2.984193548387097,1.83,2.01,1.817692307692308,1.9907692307692304,2.29516129032258,3.3341935483870966,2.984193548387097,2.29516129032258,3.3341935483870966,2.984193548387097
2026-03-01,Arsenal,Chelsea,EPL,1.68,3.96,4.85,1.6509677419354838,3.843548387096775,4.952580645161292,2.02,1.83,1.8107692307692314,2.0046153846153847,1.6509677419354838,3.843548387096775,4.952580645161292,1.6509677419354838,3.843548387096775,4.952580645161292
2026-03-01,Excelsior,Go Ahead Eagles,Eredivisie,,,,2.3350000000000004,3.3240909090909088,2.6822727272727267,,,1.6849999999999998,2.1237500000000002,2.3350000000000004,3.3240909090909088,2.6822727272727267,2.3350000000000004,3.3240909090909088,2.6822727272727267
2026-03-01,Valencia,CA Osasuna,La_Liga,2.15,3.29,3.56,2.133103448275862,3.2710344827586195,3.3868965517241385,1.89,1.94,2.1041666666666674,1.7191666666666663,2.133103448275862,3.2710344827586195,3.3868965517241385,2.133103448275862,3.2710344827586195,3.3868965517241385
2026-03-01,Hamburger SV,RB Leipzig,Bundesliga,3.27,3.74,2.09,3.176129032258065,3.6616129032258065,2.065483870967742,1.93,1.9,1.6000000000000003,2.3158333333333334,3.176129032258065,3.6616129032258065,2.065483870967742,3.176129032258065,3.6616129032258065,2.065483870967742
2026-03-01,Girona,Celta Vigo,La_Liga,2.74,3.52,2.5,2.7050000000000014,3.2732142857142854,2.5307142857142852,1.97,1.87,1.9841666666666662,1.803333333333333,2.7050000000000014,3.2732142857142854,2.5307142857142852,2.7050000000000014,3.2732142857142854,2.5307142857142852
2026-03-01,Real Betis,Sevilla,La_Liga,1.85,3.63,4.21,1.7885714285714287,3.336785714285714,3.839642857142857,2.0,1.85,1.9574999999999998,1.8291666666666668,1.7885714285714287,3.336785714285714,3.839642857142857,1.7885714285714287,3.336785714285714,3.839642857142857
2026-03-01,FC Utrecht,AZ Alkmaar,Eredivisie,,,,2.524090909090909,3.316363636363637,2.4749999999999996,,,1.7249999999999996,2.06,2.524090909090909,3.316363636363637,2.4749999999999996,2.524090909090909,3.316363636363637,2.4749999999999996
2026-03-01,Cremonese,AC Milan,Serie_A,6.19,4.0,1.55,5.877741935483871,3.840967741935484,1.4777419354838708,1.93,1.9,1.8949999999999998,1.8800000000000001,5.877741935483871,3.840967741935484,1.4777419354838708,5.877741935483871,3.840967741935484,1.4777419354838708
2026-03-01,Elche CF,Espanyol,La_Liga,2.43,3.07,3.2,2.2837931034482755,2.929310344827588,2.943793103448277,1.92,1.92,2.1525000000000003,1.6866666666666665,2.2837931034482755,2.929310344827588,2.943793103448277,2.2837931034482755,2.929310344827588,2.943793103448277
2026-03-01,Paris FC,Nice,Ligue_1,2.41,3.38,2.95,2.356451612903226,3.2422580645161294,2.9477419354838705,1.88,1.96,1.8972727272727277,1.8827272727272726,2.356451612903226,3.2422580645161294,2.9477419354838705,2.356451612903226,3.2422580645161294,2.9477419354838705
2026-03-01,AS Roma,Juventus,Serie_A,2.69,3.32,2.65,2.5653333333333332,2.9896666666666674,2.536666666666668,1.98,1.86,2.2733333333333334,1.6216666666666668,2.5653333333333332,2.9896666666666674,2.536666666666668,2.5653333333333332,2.9896666666666674,2.536666666666668
2026-03-01,Torino,Lazio,Serie_A,2.73,3.01,2.85,2.6256666666666666,2.7850000000000006,2.6436666666666677,1.79,2.06,2.395,1.5783333333333331,2.6256666666666666,2.7850000000000006,2.6436666666666677,2.6256666666666666,2.7850000000000006,2.6436666666666677
2026-03-01,FC Zwolle,Ajax,Eredivisie,,,,4.2108333333333325,3.9383333333333326,1.6525000000000005,,,2.148,1.7109999999999996,4.2108333333333325,3.9383333333333326,1.6525000000000005,4.2108333333333325,3.9383333333333326,1.6525000000000005
2026-03-01,FC Twente Enschede,Feyenoord,Eredivisie,,,,1.9295454545454545,3.6168181818181817,3.264545454545454,,,1.5675000000000003,2.3499999999999996,1.9295454545454545,3.6168181818181817,3.264545454545454,1.9295454545454545,3.6168181818181817,3.264545454545454
2026-03-01,FC Volendam,Groningen,Eredivisie,,,,3.7309523809523806,3.469523809523809,1.8414285714285714,,,1.7812499999999996,1.9787500000000002,3.7309523809523806,3.469523809523809,1.8414285714285714,3.7309523809523806,3.469523809523809,1.8414285714285714
2026-03-02,Real Madrid,Getafe,La_Liga,1.37,4.64,8.97,1.332068965517241,4.706206896551723,9.505172413793105,1.85,1.98,1.8483333333333336,1.9341666666666664,1.332068965517241,4.706206896551723,9.505172413793105,1.332068965517241,4.706206896551723,9.505172413793105
2026-03-02,Udinese,Fiorentina,Serie_A,3.17,3.3,2.32,3.0364285714285715,3.2835714285714284,2.2728571428571427,2.04,1.81,2.0100000000000002,1.7891666666666668,3.0364285714285715,3.2835714285714284,2.2728571428571427,3.0364285714285715,3.2835714285714284,2.2728571428571427
2026-03-02,Pisa,Bologna,Serie_A,3.86,3.39,2.01,3.7285714285714286,3.330357142857143,1.9685714285714293,1.85,1.98,2.045833333333333,1.7641666666666664,3.7285714285714286,3.330357142857143,1.9685714285714293,3.7285714285714286,3.330357142857143,1.9685714285714293
2026-03-10,Wigan Athletic,Plymouth Argyle,EFL_League1,,,,1.991818181818182,3.2418181818181817,3.7090909090909094,,,2.087142857142857,1.6557142857142857,1.991818181818182,3.2418181818181817,3.7090909090909094,1.991818181818182,3.2418181818181817,3.7090909090909094
2026-04-14,Wigan Athletic,Rotherham United,EFL_League1,,,,1.81875,3.4687499999999996,4.1625000000000005,,,2.0500000000000003,1.67,1.81875,3.4687499999999996,4.1625000000000005,1.81875,3.4687499999999996,4.1625000000000005
2026-04-14,Leyton Orient,Mansfield Town,EFL_League1,,,,2.17125,3.4437499999999996,3.0187500000000003,,,1.7300000000000002,1.95,2.17125,3.4437499999999996,3.0187500000000003,2.17125,3.4437499999999996,3.0187500000000003
